desc,physicalObject,OSMtidyStage
Business and commerce; Accountants and auditors,Accountancy firms,fromFilters
Business and commerce; Tax advisor,Accountancy firms,fromFilters
Business and commerce; Advertising and graphic design,Advertising,fromFilters
Business and commerce; Public relations,Advertising,fromFilters
Food production and horticulture; Agriculture,Agriculture,fromFilters
Food production and horticulture; Bee keeping,Agriculture,fromFilters
Food production and horticulture; Dairy,Agriculture,fromFilters
Food production and horticulture; Farming,Agriculture,fromFilters
Food production and horticulture; Greenhouses and glasshouses,Agriculture,fromFilters
Food production and horticulture; Horticulture,Agriculture,fromFilters
Food production and horticulture; Livestock,Agriculture,fromFilters
Food production and horticulture; Orchard,Agriculture,fromFilters
Food production and horticulture; Tree and plant nurseries,Agriculture,fromFilters
Outdoors and natural environment; Allotments and community gardens,Agriculture,fromFilters
Governance; Ambulance station,Ambulance stations,fromFilters
Animal; Boarding,Animal care,fromFilters
Retail; Pet,Animal care,fromFilters
Trades and services; Animal grooming,Animal care,fromFilters
Animal; Shelter and welfare,Animal shelters,fromFilters
Retail; Boutique,Apparel retail,fromFilters
Retail; Clothing,Apparel retail,fromFilters
Retail; Clothing accessories,Apparel retail,fromFilters
Trades and services; Dry cleaning and laundrette,Apparel services,fromFilters
Trades and services; Tailor,Apparel services,fromFilters
Attractions; Aquarium,Aquariums,fromFilters
Waterway; Aquaducts and viaducts,Aqueducts and viaducts,fromFilters
Military; Barracks,Armed forces barracks,fromFilters
Military; Administration,Armed forces offices,fromFilters
Military; Reserves,Armed forces offices,fromFilters
Military; Land,Armed forces training grounds,fromFilters
Military; Parade grounds,Armed forces training grounds,fromFilters
Military; Training grounds,Armed forces training grounds,fromFilters
Healthcare; Hospice,Assisted living (health),fromFilters
Social facility; Drug rehabilitation,Assisted living (health),fromFilters
Social facility; Supported housing (health),Assisted living (health),fromFilters
Social facility; Supported housing (social),Assisted living (social),fromFilters
Amenity; ATM,ATMs,fromFilters
Attractions,Attractions,fromFilters
Attractions; Amusement arcade,Attractions,fromFilters
Attractions; Bowling alley,Attractions,fromFilters
Attractions; Escape room,Attractions,fromFilters
Attractions; Go Karting centre,Attractions,fromFilters
Attractions; Karaoke,Attractions,fromFilters
Attractions; Miniature railway,Attractions,fromFilters
Attractions; Multiplex,Attractions,fromFilters
Attractions; Paintball,Attractions,fromFilters
Attractions; Trampoline park,Attractions,fromFilters
Attractions; Water and theme parks,Attractions,fromFilters
Sports and games; Racing and motor sport,Attractions,fromFilters
Retail; Auction house,Auction houses,fromFilters
Vehicles; Retail,Automotive retail,fromFilters
Business and commerce; Bank office,Bank headquarters,fromFilters
Business and commerce; Bank,Banks,fromFilters
Business and commerce; Banks and building societies,Banks,fromFilters
Business and commerce; Credit union,Banks,fromFilters
Barrier,"Barriers, gates, and fences",fromFilters
Barrier; Bollard,"Barriers, gates, and fences",fromFilters
Barrier; Cycle,"Barriers, gates, and fences",fromFilters
Barrier; Height restriction,"Barriers, gates, and fences",fromFilters
Barrier; Wall,"Barriers, gates, and fences",fromFilters
Attractions; Burlesque club,Bars and nightclubs,fromFilters
Attractions; Caberet club,Bars and nightclubs,fromFilters
Attractions; Nightclub,Bars and nightclubs,fromFilters
Attractions; Pool hall,Bars and nightclubs,fromFilters
Hospitality; Bar,Bars and nightclubs,fromFilters
University; Student union,Bars and nightclubs,fromFilters
Outdoors and natural environment; Beach,Beaches,fromFilters
Retail; Beauty and cosmetics,Beauty services,fromFilters
Trades and services; Beauty industry,Beauty services,fromFilters
Training; Beauty school,Beauty services,fromFilters
Amenity; Public trash bin,Bins,fromFilters
Waste management; Communal recycling bin,Bins,fromFilters
Waste management; Communal rubbish bin,Bins,fromFilters
Healthcare; Blood bank,Blood banks,fromFilters
Attractions; Botanical garden,Botanical gardens,fromFilters
Transport infrastructure; Bridge,Bridges,fromFilters
Telecommunications; Office,Broadband provider offices,fromFilters
Business and commerce; Production company,Broadcasting,fromFilters
Telecommunications; Broadcasting studio,Broadcasting,fromFilters
Brownfield site,Brownfield sites,fromFilters
Transport infrastructure; Railway land,Brownfield sites,fromFilters
Public transport; Bus station,Bus stations,fromFilters
Public transport; Bus stop,Bus stops,fromFilters
Business and commerce; Chambers,Business services,fromFilters
Manufacturing; Signmaker,Business services,fromFilters
Retail; Printing and copying,Business services,fromFilters
Trades and services; Business,Business services,fromFilters
Training; Meeting and training space,Business services,fromFilters
Hospitality; Cafe,Cafes,fromFilters
Hospitality; Cafes and coffee shops,Cafes,fromFilters
Hospitality; Camping,Camping grounds,fromFilters
Waterway; Canal,Canals,fromFilters
Waterway; Canal lock,Canals,fromFilters
Business and commerce; Employment and recruitment agencies,Career and employment support services,fromFilters
Business and commerce; Recruitment,Career and employment support services,fromFilters
Social facility; Careers advice,Career and employment support services,fromFilters
Social facility; Job centre,Career and employment support services,fromFilters
Attractions; Betting shop,Casinos and gaming,fromFilters
Attractions; Bingo hall,Casinos and gaming,fromFilters
Attractions; Casinos and gaming,Casinos and gaming,fromFilters
Attractions; Historic,Castles and fortifications,fromFilters
Historic; Castle,Castles and fortifications,fromFilters
Religious sites and buildings; Cemeteries and graveyards,Cemeteries,fromFilters
Business and commerce; NGO,Charity organisations,fromFilters
Regeneration programme,Charity organisations,fromFilters
Social facility; Charitable organisation offices or facilities,Charity organisations,fromFilters
Social facility; Salvation Army,Charity organisations,fromFilters
Retail; Charitable organisation,Charity shops,fromFilters
Retail; Charity shop,Charity shops,fromFilters
Community centres; Breakfast & after school clubs and youth centres,Children's clubs,fromFilters
Community centres; Social clubs,Children's clubs,fromFilters
Community centres; Youth organisations,Children's clubs,fromFilters
Attractions; Cinema,Cinemas,fromFilters
Social facility; Citizens advice,Citizens Advice Bureaus,fromFilters
Outdoors and natural environment; Commons and gardens,Common green areas,fromFilters
Outdoors and natural environment; Forest and woodland,Common green areas,fromFilters
Community centres,Community centres,fromFilters
"Community centres; Hall (Town, village or church)",Community centres,fromFilters
Business and commerce; Appliances,Computer and electronics retail and services,fromFilters
Retail; Electronics and household appliances,Computer and electronics retail and services,fromFilters
Retail; IT and software,Computer and electronics retail and services,fromFilters
Trades and services; Electronics repair,Computer and electronics retail and services,fromFilters
Exhibition centres; Conference centres,Conference and exhibition centres (general),fromFilters
Exhibition centres; Events venue,Conference and exhibition centres (general),fromFilters
Exhibition centres; Ice rink,Conference and exhibition centres (general),fromFilters
Exhibition centres; Stadiums and arenas,Conference and exhibition centres (general),fromFilters
Business and commerce; Engineering,Construction and engineering,fromFilters
Road and rail maintenance,Construction and engineering,fromFilters
Trades and services; Builder,Construction and engineering,fromFilters
Business and commerce; Money transfer and currency exchange,Consumer finance,fromFilters
Business and commerce; Pawnbrokers and money lenders,Consumer finance,fromFilters
Buildings; Council offices,Council offices,fromFilters
"Social facility; Government, financial services",Council offices,fromFilters
Social facility; Housing office,Council offices,fromFilters
Logistics; Courier,Couriers,fromFilters
Buildings; Courthouses,Courthouses,fromFilters
Business and commerce; Business centres and managed / serviced offices,Coworking office spaces,fromFilters
Business and commerce; Coworking office,Coworking office spaces,fromFilters
Creative spaces; Art studios and centres,Creative spaces,fromFilters
Creative spaces; Dance studios,Creative spaces,fromFilters
Creative spaces; Photo studios and photographers,Creative spaces,fromFilters
Creative spaces; Recording studios,Creative spaces,fromFilters
Manufacturing; Glassblower,Creative spaces,fromFilters
Manufacturing; Potter,Creative spaces,fromFilters
Manufacturing; Sculptor,Creative spaces,fromFilters
Training; Cooking,Creative spaces,fromFilters
Training; Language school,Creative spaces,fromFilters
Training; School of performing arts,Creative spaces,fromFilters
University; Conservatoire,Creative spaces,fromFilters
Traffic crossings; Bicycle,Crossings,fromFilters
Traffic crossings; Controlled / signalled,Crossings,fromFilters
Traffic crossings; Ford,Crossings,fromFilters
Traffic crossings; Level crossing,Crossings,fromFilters
Traffic crossings; Uncontrolled,Crossings,fromFilters
Social facility; Day care (not children),Day centres,fromFilters
Trades and services; Death care,Death-care services,fromFilters
Healthcare; Dental,Dental and orthodontal practices,fromFilters
Hospitality; Caterer,Dining and catering services,fromFilters
Trades and services; Caterer,Dining and catering services,fromFilters
Trades and services; Mobile caterer,Dining and catering services,fromFilters
Governance; Diplomacy,Diplomatic buildings,fromFilters
Industry; Warehouse,Distribution centres,fromFilters
Logistics; Depots and sorting offices,Distribution centres,fromFilters
Logistics; Distribution centre,Distribution centres,fromFilters
Logistics; Distribution centre (supermarket),Distribution centres,fromFilters
Training; Driving schools and test centres,Driving schools,fromFilters
Food retail; Delicatessan,Eateries,fromFilters
Hospitality; Eateries and restaurants,Eateries,fromFilters
Hospitality; Pub,Eateries,fromFilters
Utilities office; Energy,Electricity provider offices,fromFilters
Business and commerce; Surveying company,Environmental consulting and quantity surveying firms,fromFilters
Buildings; Environmental regulators and managers,Environmental regulators,fromFilters
Amenity; Electric car charging point,EV charging stations,fromFilters
Hospitality; Festivals and events management,Events management,fromFilters
Retail; Tickets,Events management,fromFilters
Manufacturing; Stonemason,Exterior building trades,fromFilters
Trades and services; Exteriors,Exterior building trades,fromFilters
Public transport; Ferry terminal,Ferry terminals,fromFilters
Business and commerce; Finances and investment,Financial advisors,fromFilters
Business and commerce; Financial advice,Financial advisors,fromFilters
Business and commerce; Financial advisor,Financial advisors,fromFilters
Business and commerce; Investment,Financial advisors,fromFilters
Governance; Community fire station,Fire stations,fromFilters
Governance; Fire station,Fire stations,fromFilters
Social facility; Food banks and soup kitchens,Food banks,fromFilters
Retail; Audiovisual,Furnishing retail,fromFilters
Retail; Home furnishing and homeware,Furnishing retail,fromFilters
Business and commerce; Interior designers,Furnishing services,fromFilters
Manufacturing; Framer,Furnishing services,fromFilters
Trades and services; Furniture repair,Furnishing services,fromFilters
Trades and services; Upholstery,Furnishing services,fromFilters
Gas network; Administrative office,Gas provider offices,fromFilters
Gas network; Works,Gas storage tanks,fromFilters
Gas network; Node,Gas terminals,fromFilters
Gas network; Substation,Gas terminals,fromFilters
Outdoors and natural environment; Grass land,Grasslands and meadows,fromFilters
Outdoors and natural environment; Meadow,Grasslands and meadows,fromFilters
Outdoors and natural environment; Shrub land,Grasslands and meadows,fromFilters
Healthcare; Alternative,Other discretionary goods retail,fromFilters
Retail; Alternative medicine,Healthcare (alternative),fromFilters
Healthcare; Physiotherapy and massage,Healthcare (physiotherapy),fromFilters
Healthcare; Cosmetic and plastic surgery,Healthcare (specialist),fromFilters
Healthcare; Specialist,Healthcare (specialist),fromFilters
Retail; Healthcare,Healthcare (specialist),fromFilters
Social facility; Homecare service,Healthcare (homecare),fromFilters
Healthcare; Outpatient services,Hospitals,fromFilters
Public transport; Helipad,Helipads,fromFilters
College,Higher education,fromFilters
University,Higher education,fromFilters
Amenity; Fountain (decorative),Historic points of interest,fromFilters
Amenity; Scenic viewpoint,Historic points of interest,fromFilters
Historic; Artefact,Historic points of interest,fromFilters
Historic; Building,Historic points of interest,fromFilters
Historic; Folly,Historic points of interest,fromFilters
Historic; Fortifications,Historic points of interest,fromFilters
Historic; Lighthouse,Historic points of interest,fromFilters
Historic; Memorial,Historic points of interest,fromFilters
Historic; Milestones and stone markers,Historic points of interest,fromFilters
Historic; Mine,Historic points of interest,fromFilters
Historic; Monuments and statues,Historic points of interest,fromFilters
Historic; Plaque,Historic points of interest,fromFilters
Historic; Police call box,Historic points of interest,fromFilters
Historic; Quarry,Historic points of interest,fromFilters
Historic; Residences,Historic points of interest,fromFilters
Historic; Ruins and archaeological sites,Historic points of interest,fromFilters
Historic; Ships and aircraft,Historic points of interest,fromFilters
Historic; Tomb,Historic points of interest,fromFilters
Historic; War memorials and battlefields,Historic points of interest,fromFilters
Point of interest; Historic,Historic points of interest,fromFilters
Religious sites and buildings; Shrines and relics,Historic points of interest,fromFilters
Retail; Garden,Home and outdoor maintenance retail,fromFilters
Retail; Home improvement and DIY,Home and outdoor maintenance retail,fromFilters
Retail; Household and cleaning,Home and outdoor maintenance retail,fromFilters
Council; Park and street care,Home and outdoor maintenance services,fromFilters
Environmental management; Pest control,Home and outdoor maintenance services,fromFilters
Trades and services; Cleaner,Home and outdoor maintenance services,fromFilters
Trades and services; Gardener,Home and outdoor maintenance services,fromFilters
Trades and services; Tool and equipment hire,Home and outdoor maintenance services,fromFilters
Wastewater; Septic system services,Home and outdoor maintenance services,fromFilters
Social facility; Homeless shelter,Homeless shelters,fromFilters
Healthcare; Hospital,Hospitals,fromFilters
Healthcare; Hospital administration office,Hospitals,fromFilters
University; Hospital,Hospitals,fromFilters
Hospitality; Apartments and serviced apartments,Hotels,fromFilters
Hospitality; Guest house,Hotels,fromFilters
Hospitality; Hostel,Hotels,fromFilters
Hospitality; Hotels and motels,Hotels,fromFilters
Electricity generation; Generator,Independent or renewable power sources,fromFilters
Electricity generation; Geothermal,Independent or renewable power sources,fromFilters
Electricity generation; Intermittent renewables,Independent or renewable power sources,fromFilters
Electricity generation; Small and sustainable energy sources,Independent or renewable power sources,fromFilters
Business and commerce; Insurance,Insurance provider offices,fromFilters
Governance; Insurance,Insurance provider offices,fromFilters
Waste management; Integrated facility,Integrated waste facilities,fromFilters
Trades and services; Carpenter,Interior building trades,fromFilters
Trades and services; Glazing,Interior building trades,fromFilters
Trades and services; Interiors,Interior building trades,fromFilters
Hospitality; Internet cafe,Internet cafes,fromFilters
Business and commerce; Technology and software,IT software and services,fromFilters
Water; Lentic water bodies,Lakes and ponds,fromFilters
Waste management; Landfill,Landfills and endpoint waste sites,fromFilters
Buildings; Learned societies,Learned societies,fromFilters
Buildings; Lawyers and solicitors,Legal services,fromFilters
Buildings; Legal aid,Legal services,fromFilters
Buildings; Archive,Libraries and archives,fromFilters
Buildings; Library,Libraries and archives,fromFilters
Governance; Lifeboat station,Lifeboat stations,fromFilters
Trades and services; Locksmiths and cobblers,Locksmiths and cobblers,fromFilters
Manufacturing; Clothing,Manufacturing (consumer discretionary),fromFilters
Manufacturing; Vehicle,Manufacturing (consumer discretionary),fromFilters
Manufacturing; Watchmakers and jewlers,Manufacturing (consumer discretionary),fromFilters
Manufacturing; Confectioner,Manufacturing (consumer staples),fromFilters
"Manufacturing; Distilling, brewing and winemaking",Manufacturing (consumer staples),fromFilters
Business and commerce; Oil major,Manufacturing (energy),fromFilters
Industry; Coal yard,Manufacturing (energy),fromFilters
Industry; Gas supply,Manufacturing (energy),fromFilters
Industry; Oil and petroleum supply,Manufacturing (energy),fromFilters
Industry; Oil pipeline,Manufacturing (energy),fromFilters
Industry; Refinery,Manufacturing (energy),fromFilters
Manufacturing; Industrials,Manufacturing (industrials),fromFilters
Manufacturing; Safety and security,Manufacturing (industrials),fromFilters
Industry; Materials,Manufacturing (materials),fromFilters
Industry; Quarry,Manufacturing (materials),fromFilters
Industry; Wood,Manufacturing (materials),fromFilters
Manufacturing; Blacksmiths and ironmongery,Manufacturing (materials),fromFilters
Manufacturing; Chemical works,Manufacturing (materials),fromFilters
Manufacturing; Packaging,Manufacturing (materials),fromFilters
Attractions; Marinas,Marinas,fromFilters
Healthcare; Medical laboratory,Medical laboratories,fromFilters
Healthcare; General practice,Medical practices,fromFilters
Healthcare; Private,Medical practices,fromFilters
Healthcare; Walk-in clinic,Medical practices,fromFilters
Healthcare; Mental health and counselling,Mental health services,fromFilters
Retail; Department store,Multi-line retail,fromFilters
Retail; Discount,Multi-line retail,fromFilters
Attractions; Museums and art galleries,Museums and art galleries,fromFilters
Attractions; Science centre,Museums and art galleries,fromFilters
Amenity; Bandstand,Music and theatre venues,fromFilters
Attractions; Comedy club,Music and theatre venues,fromFilters
Attractions; Music or concert venue,Music and theatre venues,fromFilters
Attractions; Theatre,Music and theatre venues,fromFilters
Buildings; Government transport agencies,National government buildings,fromFilters
Business and commerce; Defence agencies,National government buildings,fromFilters
Business and commerce; QUANGO,National government buildings,fromFilters
Governance; Civic,National government buildings,fromFilters
Governance; Defence agencies,National government buildings,fromFilters
Governance; General public,National government buildings,fromFilters
Governance; Standards agency,National government buildings,fromFilters
"Social facility; Government, homeless services",National government buildings,fromFilters
Social facility; Immigration aid,National government buildings,fromFilters
Outdoors and natural environment; Nature reserve,Nature reserves,fromFilters
Buildings; Childcare,Nurseries,fromFilters
Buildings; Nurseries and kindergartens,Nurseries,fromFilters
School; Infant,Nurseries,fromFilters
University; Observatory,Observatories,fromFilters
Buildings; Headquarters,Headquarters (other),fromFilters
Business and commerce; Administrative office,Offices (other),fromFilters
Business and commerce; Business park,Offices (other),fromFilters
Business and commerce; Company office,Offices (other),fromFilters
Business and commerce; Office,Offices (other),fromFilters
Industry; Industrial estate,Offices (other),fromFilters
Retail; Off-licence,Off-licenses,fromFilters
Healthcare; Optician,Opticians and ophthalmologists,fromFilters
Amenity; Free library,Other communal resources,fromFilters
Retail,Other discretionary goods retail,fromFilters
Retail; Arts and crafts,Other discretionary goods retail,fromFilters
Retail; Bookshop,Other discretionary goods retail,fromFilters
Retail; Erotic and adult,Other discretionary goods retail,fromFilters
"Retail; Games, music and video",Other discretionary goods retail,fromFilters
Retail; Gifts and souvenir,Other discretionary goods retail,fromFilters
Retail; Hobbies and skills development,Other discretionary goods retail,fromFilters
Retail; Speciality and luxury goods,Other discretionary goods retail,fromFilters
Attractions; Sauna,Other discretionary services,fromFilters
Attractions; Sex industry,Other discretionary services,fromFilters
Attractions; Stripclubs and erotic dancing,Other discretionary services,fromFilters
Trades and services; Chauffeur company,Other discretionary services,fromFilters
Trades and services; Speciality and luxury,Other discretionary services,fromFilters
Retail; Baby care and maternity,Other staple goods retail,fromFilters
Amenity; Bicycle parking,Parking,fromFilters
Amenity; Boat mooring,Parking,fromFilters
Amenity; Parking,Parking,fromFilters
Amenity; Parking (entrance),Parking,fromFilters
Amenity; Underground and multi-storey car parks,Parking,fromFilters
Amenity; Dog walking park,Parks,fromFilters
Amenity; Park,Parks,fromFilters
Healthcare; Pharmacy,Pharmacies,fromFilters
Amenity; Piers and boardwalks,Piers and boardwalks,fromFilters
Attractions; Soft play,Playgrounds (indoor),fromFilters
Sports and games; Indoor playground,Playgrounds (indoor),fromFilters
Sports and games; Outdoor playground,Playgrounds (outdoor),fromFilters
Buildings; Transport police,Police stations,fromFilters
Governance; Overseas registration unit,Police stations,fromFilters
Governance; Parks police,Police stations,fromFilters
"Governance; Police agencies, offices and headquarters",Police stations,fromFilters
Governance; Police stations,Police stations,fromFilters
Governance; Traffic wardens,Police stations,fromFilters
Buildings; Political offices,Political offices,fromFilters
Amenity; Post box,Post boxes,fromFilters
Logistics; Post office,Post offices,fromFilters
Water; Pipeline,Potable water pipes,fromFilters
Electricity network; Cable (underground),Power lines,fromFilters
Electricity network; Line (overhead),Power lines,fromFilters
Electricity network; Distribution cabinet,"Power poles, towers, and converter stations",fromFilters
Electricity network; Pole,"Power poles, towers, and converter stations",fromFilters
Electricity network; Tower,"Power poles, towers, and converter stations",fromFilters
Electricity network; Transition point,"Power poles, towers, and converter stations",fromFilters
Electricity generation,Power stations,fromFilters
Electricity generation; Incinerator,Power stations,fromFilters
Electricity generation; Power plant,Power stations,fromFilters
Electricity network; Substation,Power stations,fromFilters
Buildings; Prison and offenders institutes,Prisons and jails,fromFilters
Amenity; Street art or art installation,Public art,fromFilters
Amenity; Water point,Public drinking water points,fromFilters
Amenity; Bike monitoring,Public information boards,fromFilters
Amenity; Clock,Public information boards,fromFilters
Amenity; Information board,Public information boards,fromFilters
Amenity; Real time passenger information display,Public information boards,fromFilters
Amenity; Transport timetable,Public information boards,fromFilters
Point of interest; Information board,Public information boards,fromFilters
Amenity; Emergency phone,Public telephones,fromFilters
Amenity; Public telephone or telephone box,Public telephones,fromFilters
Amenity; Public toilets,Public toilets,fromFilters
Business and commerce; Publishing,Publishing offices,fromFilters
Manufacturing; Bookbinder,Publishing offices,fromFilters
Traffic management; Switches and signalling,Rail signalling and switches,fromFilters
Business and commerce; Letting and estate agents,Real estate management offices,fromFilters
Business and commerce; Property development and construction,Real estate management offices,fromFilters
Business and commerce; Property management and maintenance,Real estate management offices,fromFilters
Social facility; Resident's associations and housing co-operatives,Real estate management offices,fromFilters
Waste management; Recycling centre,Recycling centres,fromFilters
Waste management; Scrap yard and materials recovery,Recycling centres,fromFilters
Governance; Registry,Registrar offices,fromFilters
Religious sites and buildings,Religious buildings,fromFilters
Religious sites and buildings; Administrative building,Religious buildings,fromFilters
Religious sites and buildings; Chaplaincy,Religious buildings,fromFilters
Religious sites and buildings; Convents and monasteries,Religious buildings,fromFilters
Religious sites and buildings; Missionary,Religious buildings,fromFilters
Religious sites and buildings; Place of worship,Religious buildings,fromFilters
Buildings; Removal,Removal services,fromFilters
Trades and services; Home removal,Removal services,fromFilters
Buildings; Clinical science,Research and consulting services,fromFilters
Buildings; Research,Research and consulting services,fromFilters
Business and commerce; Architect,Research and consulting services,fromFilters
Business and commerce; Architects and urban planners,Research and consulting services,fromFilters
Business and commerce; Consultancy,Research and consulting services,fromFilters
Business and commerce; Product development,Research and consulting services,fromFilters
Business and commerce; Research and development,Research and consulting services,fromFilters
Water; Reservoir,Reservoirs,fromFilters
Outdoors and natural environment; Residential gardens,Residential gardens,fromFilters
Amenity; Garages and sheds,Residential properties,fromFilters
Public transport; Ferry terminals and marinas facilities,Residential properties,fromFilters
Residential,Residential properties,fromFilters
Residential; Ambassador,Residential properties,fromFilters
Residential; Apartments,Residential properties,fromFilters
Residential; Harbour Master's House,Residential properties,fromFilters
Residential; House boat,Residential properties,fromFilters
Residential; Houses,Residential properties,fromFilters
Residential; School house,Residential properties,fromFilters
Residential; Student accomodation,Residential properties,fromFilters
Business and commerce; Online retailer,Headquarters (other),fromFilters
Business and commerce; Retail company offices,Headquarters (other),fromFilters
Business and commerce; Retail conglomerate,Headquarters (other),fromFilters
Water; Rivers and burns,Rivers and streams,fromFilters
Amenity; Low emissions zone signage,Road traffic lights and signage,fromFilters
Amenity; Milestones and stone markers,Road traffic lights and signage,fromFilters
Amenity; Waymarker,Road traffic lights and signage,fromFilters
Traffic management; Mirror,Road traffic lights and signage,fromFilters
Traffic management; Navigation aids and landing lights,Road traffic lights and signage,fromFilters
Traffic management; Signage,Road traffic lights and signage,fromFilters
Historic; Railway,Roads (major) and railways,fromFilters
Transport infrastructure; Funicular rail,Roads (major) and railways,fromFilters
Transport infrastructure; High speed rail,Roads (major) and railways,fromFilters
Transport infrastructure; Monorail,Roads (major) and railways,fromFilters
Transport infrastructure; Motorway,Roads (major) and railways,fromFilters
Transport infrastructure; Primary Road,Roads (major) and railways,fromFilters
Transport infrastructure; Rail,Roads (major) and railways,fromFilters
Transport infrastructure; Rail line,Roads (major) and railways,fromFilters
Transport infrastructure; Trunk road,Roads (major) and railways,fromFilters
Transport infrastructure; Cycle path,Roads (minor) and pathways,fromFilters
Transport infrastructure; Passing place,Roads (minor) and pathways,fromFilters
Transport infrastructure; Pathway,Roads (minor) and pathways,fromFilters
Transport infrastructure; Residential road,Roads (minor) and pathways,fromFilters
Transport infrastructure; Secondary road,Roads (minor) and pathways,fromFilters
Transport infrastructure; Service access,Roads (minor) and pathways,fromFilters
Transport infrastructure; Tertiary road,Roads (minor) and pathways,fromFilters
Transport infrastructure; Track,Roads (minor) and pathways,fromFilters
Transport infrastructure; Unclassified road,Roads (minor) and pathways,fromFilters
School,Schools,fromFilters
School; Junior,Schools,fromFilters
School; Middle,Schools,fromFilters
School; Primary,Schools,fromFilters
School; Secondary,Schools,fromFilters
School; Senior,Schools,fromFilters
School; Sixth form college,Schools,fromFilters
Outdoors and natural environment; Tidal range and coastline,Seas and tidal range,fromFilters
Business and commerce; Safety and security,Security services,fromFilters
Retail; Safety and security,Security services,fromFilters
Trades and services; Safety and security,Security services,fromFilters
Trades and services; Security,Security services,fromFilters
Amenity; Self-service parcel locker,Self-storage,fromFilters
Trades and services; Storage facility,Self-storage,fromFilters
Healthcare; Sexual health and family planning,Sexual health clinics,fromFilters
Business and commerce; Retail park,Shopping centres,fromFilters
Retail; Shopping centre,Shopping centres,fromFilters
Food retail; Bakery,Smaller food markets,fromFilters
Food retail; Butcher,Smaller food markets,fromFilters
Food retail; Cheesemonger,Smaller food markets,fromFilters
Food retail; Confectionery,Smaller food markets,fromFilters
Food retail; Convenience store,Smaller food markets,fromFilters
Food retail; Fish and wholesale,Smaller food markets,fromFilters
Food retail; Greengrocer,Smaller food markets,fromFilters
Food retail; Health,Smaller food markets,fromFilters
Food retail; Patisserie and speciality cakes,Smaller food markets,fromFilters
Food retail; Speciality and luxury goods,Smaller food markets,fromFilters
Food retail; World foods,Smaller food markets,fromFilters
Social facility,Social work offices,fromFilters
Social facility; Children's centre,Social work offices,fromFilters
"Social facility; Government, social care / work",Social work offices,fromFilters
Retail; Sports and outdoor,Sports and outdoor retail,fromFilters
Attractions; Boathouse,Sports clubhouses,fromFilters
Sports and games; Clubhouse,Sports clubhouses,fromFilters
Sports and games; Clubhouse (golf),Sports clubhouses,fromFilters
Sports and games; Clubhouse (water sports),Sports clubhouses,fromFilters
"Gyms & sport, fitness and leisure centres",Sports facilities (indoor),fromFilters
Sports and games; Activity centre,Sports facilities (indoor),fromFilters
"Sports and games; Gyms & sport, fitness and leisure centres",Sports facilities (indoor),fromFilters
Sports and games; Indoor facility,Sports facilities (indoor),fromFilters
Sports and games; Indoor facility (climbing),Sports facilities (indoor),fromFilters
Sports and games; Swimming pool,Sports facilities (indoor),fromFilters
Sports and games; Outdoor solid facility,"Sports facilities (outdoor, impermeable)",fromFilters
Sports and games; Clubhouse and facilities,"Sports facilities (outdoor, impermeable, with club)",fromFilters
Sports and games; Clubhouse and outdoor facility,"Sports facilities (outdoor, impermeable, with club)",fromFilters
Sports and games; Clubhouse and outdoor solid facility,"Sports facilities (outdoor, impermeable, with club)",fromFilters
Golf; Green,"Sports facilities (outdoor, permeable)",fromFilters
Golf; Practice grounds,"Sports facilities (outdoor, permeable)",fromFilters
Sports and games; Fitness stations and outdoor gyms,"Sports facilities (outdoor, permeable)",fromFilters
Sports and games; Outdoor facility,"Sports facilities (outdoor, permeable)",fromFilters
Sports and games; Outdoor facility (golf),"Sports facilities (outdoor, permeable)",fromFilters
Sports and games; Recreation ground,"Sports facilities (outdoor, permeable)",fromFilters
Attractions; Fishery and fishing club,Fishing clubs,fromFilters
Sports and games; Clubhouse and outdoor facility (golf),"Sports facilities (outdoor, permeable, with club)",fromFilters
Outdoors and natural environment; Spring (water),Springs and wells,fromFilters
Sports and games; Horse riding centres,Stables,fromFilters
Sports and games; Horse stables and paddocks,Stables,fromFilters
Water; Detention and retention basins,Stormwater basins,fromFilters
Amenity; Street lamp,Street lights,fromFilters
Amenity; Flood defence,Structural defences,fromFilters
Water; Spillway,Structural defences,fromFilters
Public transport; Subway stop,Subway stations,fromFilters
Food retail; Supermarket,Supermarkets,fromFilters
Retail; Market,Supermarkets,fromFilters
Amenity; Automatic number plate reader,Surveillance cameras,fromFilters
Amenity; Surveillance camera or CCTV,Surveillance cameras,fromFilters
Traffic management; Traffic camera (live),Surveillance cameras,fromFilters
Hospitality; Fast food and takeaways,Takeaways and fast food,fromFilters
Public transport; Taxi rank,Taxi ranks,fromFilters
Telecommunications; Relay station,Telecommunications towers,fromFilters
Telecommunications; Tower,Telecommunications towers,fromFilters
Telecommunications; Data centre,IT software and services,fromFilters
Telecommunications; Exchange,Telephone exchanges,fromFilters
Telecommunications; Telephone exchanges,Telephone exchanges,fromFilters
Amenity; Toll booth,Toll booths and weighbridges,fromFilters
Transport infrastructure; Check points and weighbridges,Toll booths and weighbridges,fromFilters
Business and commerce; Tourist information offices and tourist boards,Tourism offices,fromFilters
Traffic management; Calming,Traffic calming measures,fromFilters
Traffic management; Speed camera,Traffic calming measures,fromFilters
Historic; Railway station or platform,Train stations (major),fromFilters
Public transport; Rail station,Train stations (major),fromFilters
Training; Occupational,Training centres,fromFilters
Training; Occupational and networking,Training centres,fromFilters
Training; Private tuition (children),Training centres,fromFilters
Public transport; Tram stop,Tram stops,fromFilters
Buildings; Lighthouse,Transport providers and control centres,fromFilters
Buildings; Lighthouses,Transport providers and control centres,fromFilters
Business and commerce; Transport operator offices,Transport providers and control centres,fromFilters
Logistics; Administrative office,Transport providers and control centres,fromFilters
Public transport; Taxi office,Transport providers and control centres,fromFilters
Traffic management; Air traffic control,Transport providers and control centres,fromFilters
Traffic management; Control centre,Transport providers and control centres,fromFilters
Business and commerce; Travel agency,Travel agencies,fromFilters
Residential; Traveller,Traveller sites,fromFilters
Transport infrastructure; Passageways and tunnels through buildings,Tunnels,fromFilters
Transport infrastructure; Tunnel,Tunnels,fromFilters
Social facility; Trade and labour unions,Union offices,fromFilters
Trades and services; Electrician,Utility trades,fromFilters
Trades and services; Plumbing and HVAC,Utility trades,fromFilters
Trades and services; Telecoms,Utility trades,fromFilters
Buildings; Council depot,Vehicle depots,fromFilters
Buildings; Depots,Vehicle depots,fromFilters
Governance; Police garage,Vehicle depots,fromFilters
"Transport infrastructure; Rail depots, yards and sidings",Vehicle depots,fromFilters
Vehicles; Depot,Vehicle depots,fromFilters
Vehicles; Pound,Vehicle impounds,fromFilters
Amenity; Car wash,Vehicle maintenance services,fromFilters
Amenity; Fuel station,Vehicle maintenance services,fromFilters
Vehicles; Maintenance and repair,Vehicle maintenance services,fromFilters
Vehicles; Rental,Vehicle rental services,fromFilters
Amenity; Bike rental point,Vehicle sharing points,fromFilters
Vehicles; Car share,Vehicle sharing points,fromFilters
Animal; Veterinarian,Veterinary practices,fromFilters
University; Veterinary college,Veterinary practices,fromFilters
Waste management; Administrative office,Waste collection service offices,fromFilters
Waste management; Collection,Waste collection service offices,fromFilters
Waste management; Sorting facility,Waste sorting centres,fromFilters
Buildings; Pumping station,Wastewater pumping stations,fromFilters
Wastewater; Sanitary dump,Wastewater tanks,fromFilters
Wastewater; Treatment works,Wastewater treatment works,fromFilters
Wastewater; Treatment works and facilities,Wastewater treatment works,fromFilters
Utilities office; Water,Water provider offices,fromFilters
Water; Storage tower,Water tanks and towers,fromFilters
Water; Treatment works and facilities,Water treatment works,fromFilters
Outdoors and natural environment; Wetland,Wetlands,fromFilters
Outdoors and natural environment; Wetland tidal flat,Wetlands,fromFilters
Industry; Builders merchant,Wholesale retail,fromFilters
Retail; Industry bulk goods,Wholesale retail,fromFilters
Retail; Wholesale,Wholesale retail,fromFilters
Attractions; Zoological garden,Zoos,fromFilters
"Airbase (Aerodrome, terminal and gates)",Air bases,fromPostProcessing
Airbase (Infrastructure),Air bases,fromPostProcessing
Major airport,Airports (major),fromPostProcessing
"Major airport; Aerodrome, terminal and gates (Building outline)",Airports (major),fromPostProcessing
"Transport infrastructure; Major airport apron, runways and taxiways",Airports (major),fromPostProcessing
Sports and games; Golf,"Sports facilities (outdoor, permeable, with club)",fromPostProcessing
Public transport; Rail station (Major),Train stations (major),fromPostProcessing
Public transport; Rail station (Minor),Train stations (minor),fromPostProcessing
Absorption tower,Absorption towers,fromValidation
Minor airport,Airports (minor),fromValidation
Food production and horticulture; Aquaculture,Aquaculture,fromValidation
Outdoor facility; Training grounds,Armed forces training grounds,fromValidation
Attractions; Visitor centre,Attractions,fromValidation
Bank headquarters,Bank headquarters,fromValidation
Banks,Banks,fromValidation
Private clubs,Community centres,fromValidation
Exhibition centres; Animal racing,Conference and exhibition centres (animal racing),fromValidation
Creative spaces; Other,Creative spaces,fromValidation
Traffic crossings; Unspecified,Crossings,fromValidation
Gas network; Pipes,Gas pipelines,fromValidation
Gas provider offices,Gas provider offices,fromValidation
Industry; Harbour,Harbours,fromValidation
Historic; Unspecified,Historic points of interest,fromValidation
Home and outdoor maintenance services,Home and outdoor maintenance services,fromValidation
Healthcare; A&E,Hospitals,fromValidation
Telecommunications; Cable,ICT cables and wireless communication modes,fromValidation
Manufacturing (consumer discretionary),Manufacturing (consumer discretionary),fromValidation
Food production and horticulture; Manufacturing,Manufacturing (consumer staples),fromValidation
Manufacturing; Healthcare,Manufacturing (healthcare),fromValidation
Manufacturing; IT hardware,Manufacturing (IT hardware),fromValidation
Mental health facility; Healthcare,Mental health services,fromValidation
Attractions; Auditoriums,Music and theatre venues,fromValidation
Business and commerce; Unspecified,Offices (other),fromValidation
Industry; Manufacturing,Offices (other),fromValidation
Industry; Unspecified,Offices (other),fromValidation
Governance; Parliamentary buildings,Parliamentary buildings,fromValidation
Governance; Probation offices,Police stations,fromValidation
Transport infrastructure; Subway line,Roads (major) and railways,fromValidation
Transport infrastructure; Tram line,Roads (major) and railways,fromValidation
Sports facilities (indoor),Sports facilities (indoor),fromValidation
Town square,Town squares,fromValidation
"Transport infrastructure; Light & heavy rail depots, yards and sidings",Vehicle depots,fromValidation
"Vehicles; Light & heavy rail depots, yards and sidings",Vehicle depots,fromValidation
Wastewater; Pipes,Wastewater pipes,fromValidation
Buildings; Pumping station (water),Water pumping stations,fromValidation
NA,Airplanes and helicopters,alwaysIncluded
NA,Bicycles,alwaysIncluded
NA,Boats,alwaysIncluded
NA,Buses and trams,alwaysIncluded
NA,Emergency vehicles,alwaysIncluded
NA,Lorries,alwaysIncluded
NA,Maintenance vehicles,alwaysIncluded
NA,Personal devices,alwaysIncluded
NA,Private motor vehicles,alwaysIncluded
NA,Subway trains,alwaysIncluded
NA,Taxis,alwaysIncluded
NA,Trains,alwaysIncluded
NA,Wildlife,alwaysIncluded
NA,Gas pipelines,alwaysIncluded
NA,Potable water pipes,alwaysIncluded
NA,Wastewater pipes,alwaysIncluded
NA,ICT cables and wireless communication modes,alwaysIncluded
NA,Town squares,alwaysIncluded
,Homeless shelters,alwaysIncluded
,Food banks,alwaysIncluded
,Telecommunications towers,alwaysIncluded
,Traveller sites,alwaysIncluded
